DATE,USD-AUD,USD-CAD,USD-CHF,USD-CNY,USD-EUR,USD-GBP,USD-HKD,USD-JPY,USD-NZD,USD-XAU
2002-02-01,1.9696671262556624,1.5891,1.7193,8.2766,1.1636025133814287,0.7088176920895946,7.7993,134.68,2.402691013935608,0.00353
2002-03-01,1.9301293186643504,1.6016,1.6966,8.2765,1.1502185415228894,0.7055171440666008,7.7994,133.36,2.3713540431586435,0.00337
2002-04-01,1.8768768768768769,1.5949,1.6813,8.2774,1.1471836641046231,0.701311452416018,7.7998,132.73,2.2706630336058127,0.0033
2002-05-01,1.8577001671930151,1.5677,1.6175,8.2773,1.110494169905608,0.6858710562414266,7.7991,128.54,2.23563603845294,0.00324
2002-06-01,1.7624250969333803,1.5279,1.5678,8.2765,1.070434596446157,0.6871435442864015,7.7998,124.22,2.080732417811069,0.00306
2002-07-01,1.774937877174299,1.5174,1.481,8.2771,1.0085728693898133,0.6521030322791,7.7994,119.47,2.0529665366454526,0.00318
2002-08-01,1.8429782528566163,1.5842,1.4852,8.2766,1.02291325695581,0.6395088571976721,7.7999,119.85,2.150075252633842,0.00329
2002-09-01,1.8165304268846505,1.5585,1.4988,8.2768,1.0180189351521938,0.6449532408900355,7.8,118.46,2.131741632914091,0.00319
2002-10-01,1.8429782528566163,1.5868,1.4752,8.2772,1.0135819987837016,0.6375924509053813,7.7997,121.81,2.1326508850501176,0.00309
2002-11-01,1.802776275464215,1.5584,1.4767,8.2772,1.0097950116126426,0.6389368091495752,7.7996,122.48,2.0580366330520685,0.00314
2002-12-01,1.7825311942959,1.5653,1.4832,8.2772,1.0057326762546517,0.6420545746388443,7.7989,122.55,2.007226013649137,0.00314
2003-01-01,1.7806267806267806,1.5718,1.3836,8.277,0.9531071292413268,0.6211180124223602,7.7987,118.79,1.9065776930409917,0.00287
2003-02-01,1.7032873445750298,1.5195,1.3639,8.2769,0.9286775631500744,0.6074227054607301,7.8,119.87,1.83452577508714,0.00271
2003-03-01,1.6433853738701725,1.4846,1.352,8.2775,0.9253261774775609,0.635970490969219,7.7994,118.1,1.7866714311238163,0.00285
2003-04-01,1.6542597187758477,1.4673,1.3514,8.2774,0.9161704076958316,0.6318316800404372,7.7992,118.09,1.8018018018018016,0.00296
2003-05-01,1.5956598053295037,1.4301,1.3547,8.277,0.8941344778254648,0.6255864873318736,7.7994,118.88,1.779359430604982,0.00295
2003-06-01,1.531862745098039,1.3666,1.2979,8.2768,0.8486082824168365,0.6110975311659741,7.7988,119.3,1.733402669440111,0.00274
2003-07-01,1.484560570071259,1.3467,1.3509,8.2775,0.8686587908269632,0.6043756799226399,7.7986,119.8,1.7018379850238257,0.00288
2003-08-01,1.5413070283600492,1.4043,1.3709,8.2773,0.8903133903133903,0.6208095356344674,7.7993,120.55,1.720282126268708,0.00282
2003-09-01,1.5444015444015444,1.3865,1.3999,8.2771,0.9104151493080844,0.6338340622425048,7.7994,116.92,1.7292062943109112,0.00266
2003-10-01,1.4703720041170416,1.3521,1.3192,8.277,0.8578536501672815,0.6017571308220002,7.7418,111.5,1.6801075268817205,0.00259
2003-11-01,1.4112334180073385,1.3198,1.3395,8.2766,0.8625894936599672,0.5897269564191779,7.7642,109.94,1.6297262059973925,0.0026
2003-12-01,1.3806433798149935,1.3008,1.291,8.277,0.8336112037345782,0.5806526535826269,7.765,109.63,1.562255897516013,0.00251
2004-01-01,1.3297872340425532,1.297,1.2391,8.2767,0.7939658594680429,0.5599731212901781,7.7638,107.22,1.525320317266626,0.0024
2004-02-01,1.308557969118032,1.3252,1.2565,8.2768,0.8014104824491104,0.548305735277991,7.7771,105.71,1.483679525222552,0.00248
2004-03-01,1.2923235978288965,1.3343,1.2623,8.2769,0.8004482510205715,0.5351886540005352,7.7838,109.11,1.4551804423748544,0.00252
2004-04-01,1.3041210224308817,1.3093,1.2659,8.277,0.8119519324455992,0.5416531253385332,7.792,104.23,1.4956625785222857,0.00234
2004-05-01,1.3875398917718884,1.3722,1.2956,8.2771,0.8347245409015025,0.5623980653506552,7.7995,110.52,1.598976654940838,0.00258
2004-06-01,1.3982102908277405,1.3624,1.2541,8.2768,0.8204791598293403,0.5457621568520439,7.7939,109.52,1.5820281601012498,0.00252
2004-07-01,1.43000143000143,1.3328,1.2487,8.2766,0.819672131147541,0.5493298176225005,7.7997,108.77,1.5713387806411063,0.00253
2004-08-01,1.4230823964707555,1.3314,1.2815,8.277,0.8320159747067144,0.5494807407000385,7.7998,111.36,1.5701051970482025,0.00255
2004-09-01,1.4200511218403862,1.3127,1.2664,8.2765,0.8208158909956497,0.5548158011540169,7.8,109.17,1.5257857796765335,0.00243
2004-10-01,1.374192661811186,1.2613,1.2461,8.2765,0.8041170794467675,0.5518763796909492,7.796,110.05,1.475361463558572,0.00239
2004-11-01,1.3361838588989845,1.2177,1.1943,8.2766,0.781372089388967,0.5442769281010178,7.7837,105.81,1.461988304093567,0.00233
2004-12-01,1.2938284383490748,1.1874,1.1413,8.2765,0.7530687551773476,0.5236973029588897,7.775,103.07,1.400364094664613,0.00221
2005-01-01,1.2815583749839805,1.2019,1.1404,8.2765,0.7377895824110964,0.5213220727765614,7.7726,102.63,1.3923698134224451,0.00228
2005-02-01,1.2891581797086504,1.2398,1.1889,8.2764,0.7669299792928905,0.5310956503266239,7.7996,103.7,1.4074595355383532,0.00236
2005-03-01,1.2629451881788332,1.2339,1.1631,8.2765,0.7559721802237678,0.5205351100931758,7.7989,104.63,1.3762730525736306,0.00229
2005-04-01,1.2936610608020698,1.2104,1.1965,8.2764,0.771366862079605,0.5289605924358635,7.7992,107.15,1.405086412814388,0.00233
2005-05-01,1.2799180852425445,1.2583,1.1951,8.2764,0.7768197001475957,0.5238893545683152,7.7937,104.75,1.366867140513942,0.0023
2005-06-01,1.3229263130043656,1.2549,1.2483,8.2767,0.8127438231469442,0.5503274448296737,7.7801,108.57,1.4186409419775856,0.00239
2005-07-01,1.3114754098360657,1.2251,1.2814,8.2764,0.8259002312520647,0.558191459670667,7.771,110.92,1.4338973329509608,0.00229
2005-08-01,1.3217023526301876,1.2233,1.2894,8.1056,0.8248783304462592,0.5688605722737357,7.7738,112.5,1.4692918013517484,0.00232
2005-09-01,1.3239772275916857,1.1878,1.253,8.0998,0.8099789405475458,0.5542929992794191,7.7718,110.61,1.435956346927053,0.00229
2005-10-01,1.3123359580052494,1.163,1.2939,8.092,0.8315316813570598,0.5667970299835629,7.7575,113.51,1.4463407578825571,0.00213
2005-11-01,1.3365410318096766,1.1822,1.2886,8.0845,0.8338892595063375,0.5649717514124294,7.7523,116.4,1.4279594459517349,0.00214
2005-12-01,1.3550135501355014,1.1657,1.3152,8.0804,0.848320325755005,0.5782686636211184,7.7547,119.81,1.4226774790155072,0.002023
2006-01-01,1.3646288209606987,1.162,1.3134,8.0702,0.8439530762089628,0.5803830528148578,7.7545,117.75,1.4626298083954952,0.001936
2006-02-01,1.3189132155104195,1.139,1.2779,8.0608,0.8226390259953932,0.5620187714269657,7.7574,117.2,1.4524328249818446,0.001759
2006-03-01,1.347164219318335,1.1369,1.3117,8.0402,0.8388558006878618,0.5702554744525548,7.758,115.77,1.5112588786459122,0.001778
2006-04-01,1.3956734124214931,1.1686,1.3042,8.0172,0.825218682950982,0.5756389592447616,7.7597,117.78,1.6241676140977748,0.001716
2006-05-01,1.3164823591363874,1.117,1.2388,8.014,0.7914523149980214,0.5476751191193384,7.7535,113.83,1.5659254619480114,0.001526
2006-06-01,1.329433661260303,1.1016,1.2192,8.0175,0.7806401249024201,0.5348165579206332,7.7584,112.64,1.576541068894845,0.001542
2006-07-01,1.3475272874275703,1.117,1.2231,7.9943,0.781799702916113,0.5410377103284099,7.7663,114.44,1.64446637066272,0.001627
2006-08-01,1.3046314416177431,1.1313,1.2312,7.969,0.7832693663350827,0.5354178936660063,7.7709,114.68,1.6162922256343946,0.001575
2006-09-01,1.3092432573972244,1.1037,1.2305,7.9527,0.7804573480059314,0.5250170630545492,7.7772,117.4,1.5236934328813043,0.001594
2006-10-01,1.3403029084573117,1.118,1.2506,7.904,0.7890168849613381,0.534159500026708,7.7919,118.18,1.531628120692296,0.001676
2006-11-01,1.2923235978288965,1.1222,1.2442,7.8794,0.7835762419683435,0.5242738806752648,7.7779,116.98,1.4916467780429594,0.001655
2006-12-01,1.2675877804537965,1.1403,1.1978,7.8331,0.7551729346020238,0.5086728724757109,7.7781,115.81,1.4615609470914936,0.001546
2007-01-01,1.2682308180088775,1.1657,1.2201,7.8045,0.7577479730241721,0.5105166428425566,7.778,119.06,1.4206563432305723,0.001572
2007-02-01,1.287166945552838,1.1769,1.2441,7.7737,0.7673419275629221,0.5087763927753752,7.808,120.7,1.446759259259259,0.001529
2007-03-01,1.2691965985531155,1.1699,1.2196,7.7417,0.7559150351500492,0.5091908956667854,7.8132,118.56,1.42571998859424,0.00149
2007-04-01,1.2367054167697256,1.154,1.2155,7.7315,0.7488392990864161,0.5081817257851408,7.8138,117.83,1.3997760358342664,0.001507
2007-05-01,1.2046741356463078,1.1097,1.2073,7.7033,0.7327080890973037,0.5001250312578145,7.8227,119.53,1.350438892640108,0.001474
2007-06-01,1.2078753472641623,1.0689,1.2253,7.646,0.7433286255853713,0.5051015254066067,7.808,121.73,1.3572204125950054,0.001514
2007-07-01,1.177301624676242,1.0653,1.2215,7.6151,0.7384978952809984,0.4978344202718175,7.8175,123.17,1.2941633234114145,0.001537
2007-08-01,1.1741223435481978,1.0665,1.2011,7.5728,0.7307804735457468,0.4922955742627874,7.8263,118.62,1.311647429171039,0.001497
2007-09-01,1.221597849987784,1.0556,1.2084,7.545,0.7336757153338225,0.4957612413861484,7.7978,115.77,1.4251104460595696,0.001485
2007-10-01,1.1262529564140105,0.9923,1.1637,7.5105,0.7009182028457278,0.4884482000683828,7.7747,114.81,1.3194352816994326,0.001345
2007-11-01,1.0705491917353602,0.9431,1.1581,7.4627,0.6902740387934009,0.4808154630252909,7.7503,115.44,1.29315918789603,0.001255
2007-12-01,1.1307100859339665,0.9987,1.1318,7.3919,0.6833868653044488,0.4863103632738414,7.7871,111.24,1.3083867591259977,0.001276
2008-01-01,1.142726545537653,0.9984,1.1335,7.3037,0.6854479402289396,0.5037783375314862,7.8001,111.75,1.3056534795665231,0.001199
2008-02-01,1.1165698972755695,1.0028,1.0814,7.1818,0.6729022273063724,0.5032206119162641,7.7971,106.45,1.2696800406297613,0.00108
2008-03-01,1.074229240519927,0.9878,1.0412,7.1108,0.6588049278608604,0.502739932632849,7.7814,103.74,1.2518778167250877,0.001028
2008-04-01,1.0951702989814915,1.0253,0.9931,7.012,0.6333924499619965,0.5041084841457881,7.783,99.7,1.272426517368622,0.001091
2008-05-01,1.059658789869662,1.0079,1.0345,6.9878,0.6401229035974907,0.5032965926820675,7.7937,103.92,1.2786088735455825,0.00114
2008-06-01,1.0460251046025104,0.9934,1.0423,6.9421,0.6429214350006429,0.5044645109216567,7.8043,105.52,1.277139208173691,0.001127
2008-07-01,1.043187982474442,1.0215,1.021,6.8544,0.634719136781974,0.5019324398935904,7.7967,106.21,1.311991603253739,0.001081
2008-08-01,1.0612331529236974,1.0246,1.047,6.8319,0.6409023905659168,0.5040068544932211,7.8017,107.92,1.361841209314994,0.001094
2008-09-01,1.165772907437631,1.0637,1.1012,6.8397,0.6815238874122538,0.5491186645434079,7.8039,108.8,1.4275517487508922,0.001204
2008-10-01,1.2619888944977284,1.0644,1.1221,6.846,0.709622480840193,0.5616399887672002,7.7653,106.11,1.4929829799940282,0.001148
2008-11-01,1.497454327643007,1.2125,1.1578,6.8388,0.7857928650007858,0.6220452848967405,7.75,98.47,1.7161489617298782,0.001382
2008-12-01,1.5260186174271326,1.2398,1.2136,6.8347,0.7879599716334411,0.6503219093451258,7.7503,95.53,1.8214936247723128,0.001223
2009-01-01,1.4230823964707555,1.2188,1.0687,6.8277,0.7157683773530885,0.6852600561913246,7.7503,90.64,1.7262213015708612,0.001135
2009-02-01,1.5686274509803924,1.2296,1.1619,6.8519,0.7804573480059314,0.687757909215956,7.7546,89.92,1.965022597759874,0.001079
2009-03-01,1.5649452269170578,1.2763,1.1689,6.84,0.7893282816323309,0.698421567257997,7.7553,97.58,1.996805111821086,0.001062
2009-04-01,1.4465499783017504,1.2602,1.1394,6.8339,0.7547169811320755,0.6981777560566921,7.7504,98.96,1.7873100983020551,0.001088
2009-05-01,1.3781697905181918,1.1925,1.1405,6.821,0.7558578987150416,0.676132521974307,7.7501,98.63,1.7692852087756543,0.001125
2009-06-01,1.2482836100362005,1.0915,1.0669,6.8291,0.7063144511936714,0.6176652254478073,7.7523,95.34,1.56128024980484,0.001022
2009-07-01,1.2400793650793651,1.1623,1.0859,6.8305,0.7126060001425212,0.6076072426783328,7.7502,96.36,1.5487068297971194,0.001079
2009-08-01,1.1963153487259242,1.0776,1.0685,6.8321,0.7014098337658694,0.5983366241847663,7.7501,94.68,1.5110305228165608,0.001048
2009-09-01,1.1849745230477544,1.0938,1.059,6.8308,0.6976419701409237,0.6139489194499017,7.7507,93.12,1.4596409283316305,0.001052
2009-10-01,1.1327594019030358,1.0695,1.0363,6.8264,0.6830601092896175,0.6257039169065198,7.75,89.71,1.3827433628318584,0.000993
2009-11-01,1.1114816049794376,1.0848,1.0263,6.8275,0.6793939805693322,0.60779189205616,7.7502,90.09,1.392563709789723,0.000956
2009-12-01,1.0917030567685588,1.0563,1.0053,6.8274,0.6664445184938355,0.6082725060827251,7.7501,86.41,1.3966480446927374,0.000849
2010-01-01,1.1139578923916675,1.0532,1.0352,6.8271,0.6982752601075344,0.6184291898577613,7.7543,93.03,1.383508577753182,0.000912
2010-02-01,1.1314777098891151,1.0704,1.0606,6.8269,0.7213445863088797,0.6255473539346929,7.7645,90.27,1.4265335235378032,0.000925
2010-03-01,1.1168192986374803,1.0517,1.0735,6.8261,0.7336218912772358,0.6562541015881349,7.7626,88.97,1.4322543683758235,0.000895
2010-04-01,1.0902747492368077,1.0153,1.0539,6.8259,0.7401924500370096,0.6585879873551107,7.7643,93.47,1.4072614691809735,0.000899
2010-05-01,1.0818998160770312,1.0179,1.0776,6.8253,0.7522190461862495,0.65470734581642,7.7641,93.85,1.375515818431912,0.000849
2010-06-01,1.1821728336682824,1.0445,1.1549,6.8278,0.8126117341134407,0.6878525244187647,7.7865,91.27,1.4695077149155034,0.000822
2010-07-01,1.1893434823977165,1.0639,1.0774,6.7818,0.8171269815329302,0.6691201070592172,7.7885,88.43,1.4604936468526362,0.000805
2010-08-01,1.1059500110595002,1.0297,1.0412,6.7745,0.7661661048115231,0.637389253617184,7.7668,86.47,1.3774104683195594,0.000847
2010-09-01,1.1228385358185493,1.0656,1.0151,6.8078,0.7886435331230284,0.6515506906437321,7.7784,84.2,1.430615164520744,0.000802
2010-10-01,1.0340192327577291,1.0292,0.9825,6.6921,0.7334604664808567,0.6362942224484601,7.7592,83.53,1.361841209314994,0.000764
2010-11-01,1.0167768174885612,1.0194,0.9824,6.674,0.7170000717000071,0.6235191420376606,7.7508,80.4,1.3046314416177431,0.000736
2010-12-01,1.0429703796412182,1.0264,1.0034,6.667,0.7702380035430948,0.6425909266161162,7.7659,83.69,1.34661998384056,0.000722
2011-01-01,0.977230528681716,0.998,0.9352,6.5933,0.7471607890017932,0.6405329233922624,7.7731,81.12,1.281722635221738,0.000704
2011-02-01,1.0026067776218168,1.001,0.944,6.6025,0.7302468234263181,0.6244536030972899,7.7971,82.04,1.2938284383490748,0.00075
2011-03-01,0.9817396426467702,0.9716,0.9289,6.577,0.7243227582210633,0.6151196407701298,7.788,81.78,1.3290802764486975,0.000709
2011-04-01,0.9681479330041632,0.9706,0.919,6.5524,0.7063144511936714,0.6239081607187422,7.7788,83.13,1.3131976362442548,0.000698
2011-05-01,0.9114939385653086,0.9451,0.8653,6.4911,0.6753562504220977,0.5985515053570359,7.7662,81.19,1.2347203358439314,0.00064
2011-06-01,0.9370314842578712,0.9685,0.854,6.4808,0.6946373992775771,0.607976653696498,7.7766,81.52,1.213739531496541,0.000651
2011-07-01,0.9326618168252192,0.9634,0.8404,6.4634,0.6895600606812854,0.6229365227683299,7.7818,80.56,1.20598166907863,0.000666
2011-08-01,0.9096697898662786,0.9552,0.7855,6.4415,0.6945409084595083,0.608790941190795,7.7941,76.76,1.1372682815876265,0.000615
2011-09-01,0.933968431867003,0.9777,0.806,6.3781,0.6959426543252836,0.6153846153846154,7.786,76.66,1.1708230886313078,0.000548
2011-10-01,1.03498240529911,1.0503,0.9082,6.382,0.7469933517591694,0.6416837782340863,7.7856,77.06,1.3133701076963489,0.000616
2011-11-01,0.9496676163342832,1.0008,0.877,6.3549,0.7216048491845866,0.6216199415677255,7.768,78.17,1.2396181975951408,0.000583
2011-12-01,0.9724788485850432,1.0174,0.9132,6.3793,0.7437156031533542,0.6367804381049414,7.7676,77.62,1.2812299807815504,0.000573
2012-01-01,0.9795278675678324,1.0213,0.9381,6.2949,0.7715454054471106,0.6433764395547835,7.7674,76.91,1.2866700977869274,0.000639
2012-02-01,0.9415309292910272,1.0026,0.9202,6.3083,0.7642922653622746,0.6345177664974619,7.7551,76.27,1.209482341557813,0.000575
2012-03-01,0.9317927692881104,0.9899,0.9044,6.2938,0.7504690431519699,0.6282590940503864,7.7564,81.15,1.1988970147464333,0.00059
2012-04-01,0.9665571235260004,0.9987,0.9025,6.299,0.7494566439331485,0.624687656171914,7.7661,82.87,1.221448638084769,0.000599
2012-05-01,0.9588647041902388,0.9872,0.9075,6.2795,0.7553440592189742,0.615991129727732,7.7585,79.82,1.221747098350641,0.000601
2012-06-01,1.027326895418122,1.0328,0.9713,6.3685,0.8087343307723414,0.6491398896462187,7.7624,78.32,1.326787846623325,0.000641
2012-07-01,0.9767532721234616,1.0166,0.9485,6.354,0.7894529091339701,0.6366588145412874,7.7574,79.79,1.2479720454261825,0.000626
2012-08-01,0.9521089212605922,1.0031,0.9764,6.3617,0.8127438231469442,0.6378364587319811,7.7545,78.12,1.2365524916532706,0.000619
2012-09-01,0.968804495252858,0.9863,0.9549,6.3486,0.7949757532395262,0.6302785831337451,7.7556,78.39,1.2447099825740602,0.000591
2012-10-01,0.9635767970707264,0.9837,0.9398,6.2847,0.7776049766718507,0.6185439475474732,7.7546,77.96,1.2046741356463078,0.000564
2012-11-01,0.9637625289128758,0.9994,0.9315,6.2377,0.7716049382716049,0.62000124000248,7.7501,79.77,1.21580547112462,0.000581
2012-12-01,0.9589566551591868,0.9944,0.9281,6.2281,0.7700600646850454,0.6244925997626928,7.7503,82.48,1.2189176011701608,0.000584
2013-01-01,0.9620935154897056,0.9921,0.9154,6.2303,0.7579777154551657,0.6151953245155337,7.7503,86.75,1.2065637065637065,0.000597
2013-02-01,0.9592326139088728,0.9972,0.91,6.22,0.7364312541424257,0.6306363120388472,7.7551,91.71,1.1921793037672863,0.000601
2013-03-01,0.978952520802741,1.0306,0.9367,6.2218,0.765872711955273,0.6595000989250148,7.7551,92.56,1.2125621438098704,0.000632
2013-04-01,0.9597850081581724,1.0174,0.9492,6.209,0.7800920508620017,0.6579813133307014,7.7636,94.22,1.1946004061641382,0.000626
2013-05-01,0.9642271719217048,1.0073,0.9293,6.161,0.7594167679222358,0.6438320885912954,7.7602,97.45,1.1678150181011329,0.000677
2013-06-01,1.0448229025180231,1.0375,0.9551,6.1339,0.7692899453804138,0.6579813133307014,7.7626,100.45,1.258494840171155,0.000721
2013-07-01,1.094331363536879,1.0519,0.945,6.1421,0.7686395080707149,0.6573325445342798,7.7565,99.14,1.2923235978288965,0.00081
2013-08-01,1.11333778668448,1.0277,0.9262,6.1302,0.7517666516313336,0.6575918984678109,7.7558,97.88,1.2523481527864746,0.000755
2013-09-01,1.1234692731153804,1.0537,0.9298,6.12,0.7563152321887763,0.6449948400412797,7.755,98.17,1.2941633234114145,0.000717
2013-10-01,1.0733068584308254,1.0309,0.9049,6.1191,0.7392622163081245,0.6178178672927221,7.756,98.27,1.2048192771084338,0.000753
2013-11-01,1.0575296108291032,1.0431,0.9069,6.0942,0.7361601884570083,0.6234413965087281,7.7532,98.36,1.2102142079148008,0.000755
2013-12-01,1.097935880544576,1.0614,0.9062,6.093,0.7357810315650063,0.6109481915933529,7.7528,102.44,1.2309207287050714,0.000796
2014-01-01,1.12145340361108,1.0623,0.8929,6.054,0.7276431637924762,0.603974149906384,7.754,105.31,1.2174336498660825,0.000819
2014-02-01,1.1420740063956143,1.1128,0.9065,6.0598,0.7415097137772505,0.6083095078776082,7.765,102.04,1.2367054167697256,0.000804
2014-03-01,1.1205737337516808,1.1064,0.8803,6.1427,0.7245326764237067,0.5971931919976112,7.7602,101.8,1.192037191560377,0.000754
2014-04-01,1.079447322970639,1.105,0.8846,6.2168,0.7262691553489723,0.600168047053175,7.7568,103.23,1.154334526145677,0.00078
2014-05-01,1.0767739851405191,1.0962,0.8804,6.2593,0.7211365111415591,0.5926628341136727,7.7528,102.24,1.160496692584426,0.000775
2014-06-01,1.074113856068743,1.0846,0.8952,6.2473,0.7334066740007334,0.5968367651447329,7.7529,101.77,1.1766090128250382,0.0008
2014-07-01,1.060108131029365,1.0671,0.8868,6.2033,0.7303534910896874,0.58459020226821,7.7504,101.33,1.141813199360585,0.000753
2014-08-01,1.0758472296933836,1.0906,0.9088,6.1738,0.7468259895444361,0.592206561648703,7.7501,102.8,1.1764705882352942,0.000779
2014-09-01,1.070778455937467,1.0878,0.9182,6.1437,0.7614986293024673,0.6024822267743102,7.7502,104.09,1.195886151638364,0.000778
2014-10-01,1.1432491139819363,1.1198,0.9551,6.1394,0.791702953052015,0.6167889964843027,7.7652,109.65,1.2807377049180326,0.000828
2014-11-01,1.136621959536258,1.1266,0.9626,6.1129,0.7984031936127745,0.6251953735542357,7.755,112.32,1.2838618564642443,0.000852
2014-12-01,1.175640724194686,1.1416,0.9653,6.1434,0.8030838419530999,0.6391818472355385,7.754,118.63,1.2753475322025252,0.000856
2015-01-01,1.2232415902140672,1.1621,0.9943,6.2057,0.8265829062654985,0.641972138409193,7.7551,119.78,1.2825445684237529,0.000844
2015-02-01,1.2883277505797477,1.2732,0.9202,6.2505,0.885661146045523,0.6640106241699867,7.7519,117.49,1.3772207684891888,0.000778
2015-03-01,1.2807377049180326,1.2515,0.9543,6.2695,0.8931761343336907,0.6477522995206633,7.7555,119.63,1.3220518244315178,0.000825
2015-04-01,1.3145786775338504,1.2686,0.9727,6.1997,0.9318796011555308,0.6748549061951681,7.7524,120.13,1.3386880856760377,0.000845
2015-05-01,1.2650221378874131,1.2077,0.9324,6.2032,0.8909479686386315,0.6514233600416911,7.7505,119.38,1.3128528291978467,0.000845
2015-06-01,1.3080444735120995,1.2454,0.9403,6.1976,0.9102494083378846,0.6539794650447976,7.7531,124.15,1.4070634585619812,0.00084
2015-07-01,1.297521733489036,1.2494,0.9355,6.201,0.8971023593792051,0.6364562118126273,7.7517,122.5,1.4781966001478195,0.000853
2015-08-01,1.3683634373289546,1.3091,0.9663,6.2097,0.9104151493080844,0.6401229035974907,7.7529,123.89,1.5169902912621358,0.000913
2015-09-01,1.4058765640376774,1.314,0.9673,6.3762,0.891981090000892,0.6516780710329098,7.75,121.23,1.5772870662460567,0.000881
2015-10-01,1.4249073810202335,1.3313,0.9733,6.3561,0.8946944618412813,0.6610259122157589,7.75,119.88,1.562744178777934,0.000897
2015-11-01,1.4009526478005043,1.308,0.9879,6.3175,0.908595311648192,0.6481721545242417,7.7506,120.62,1.475361463558572,0.000875
2015-12-01,1.383700013837,1.3362,1.029,6.3984,0.946521533364884,0.6641870350690754,7.7531,123.11,1.5188335358444716,0.000939
2016-01-01,1.372495196266813,1.3839,1.0021,6.4937,0.9206407659731172,0.6786102062975027,7.7507,120.22,1.4639145073927682,0.000942
2016-02-01,1.411631846414455,1.3976,1.0231,6.576,0.9232757824762255,0.7020499859590003,7.7863,121.14,1.5422578655151142,0.000894
2016-03-01,1.400364094664613,1.354,0.9984,6.552,0.9197093718384992,0.7185456635769203,7.7762,112.69,1.5174506828528072,0.000807
2016-04-01,1.3059945148230376,1.3004,0.9618,6.4536,0.8787346221441126,0.6963788300835655,7.7572,112.57,1.4473874656245478,0.000811
2016-05-01,1.315270288044193,1.2556,0.9599,6.478,0.8732861758798358,0.684369011771147,7.7572,106.5,1.4332807797047442,0.000773
2016-06-01,1.3823610727121924,1.3093,0.9939,6.5854,0.8983111749910169,0.6904646827314783,7.7712,110.73,1.478633742422002,0.000823
2016-07-01,1.3421017313112331,1.2924,0.976,6.648,0.9004141905276427,0.75125835774923,7.7591,103.2,1.4017381553125876,0.000757
2016-08-01,1.3164823591363874,1.303,0.9695,6.635,0.8949346697691068,0.7558578987150416,7.7575,102.06,1.3890818169190169,0.00074
2016-09-01,1.3303179459890913,1.3105,0.9839,6.6793,0.8962179602079227,0.7611508601004718,7.757,103.43,1.3793103448275863,0.000764
2016-10-01,1.3048016701461378,1.3127,0.9714,6.6718,0.8900756564307967,0.7708911501695961,7.7564,101.35,1.372495196266813,0.00076
2016-11-01,1.3142331449599158,1.3409,0.989,6.7758,0.9106638739641196,0.8168599901976802,7.7552,104.82,1.3984058173682004,0.000783
2016-12-01,1.3540961408259986,1.3437,1.0173,6.8894,0.9443762394938144,0.7996161842315689,7.7565,114.46,1.4118311449950585,0.000852
2017-01-01,1.3873473917869037,1.3441,1.019,6.945,0.9508414947228296,0.8103727714748784,7.7559,116.96,1.442169022209403,0.000868
2017-02-01,1.3183915622940017,1.303,0.9892,6.884,0.9260974254491572,0.7949757532395262,7.759,112.8,1.3676148796498906,0.000826
2017-03-01,1.3059945148230376,1.3301,1.0058,6.867,0.94553706505295,0.8077544426494346,7.7624,112.77,1.3904338153503897,0.000801
2017-04-01,1.310787783457858,1.3318,1.0026,6.8872,0.938790837401427,0.7968127490039841,7.7709,111.39,1.4273479874393378,0.000801
2017-05-01,1.3354700854700854,1.3653,0.9946,6.8935,0.9178522257916476,0.7721411474017451,7.7784,111.49,1.4564520827264784,0.000788
2017-06-01,1.3458950201884252,1.35,0.9678,6.818,0.8893632159373888,0.7757951900698216,7.7921,110.78,1.4114326040931544,0.000788
2017-07-01,1.3005592404734034,1.2964,0.9579,6.7809,0.875196919306844,0.7677543186180422,7.8072,112.39,1.3636983499249966,0.000805
2017-08-01,1.2495314257153567,1.248,0.9669,6.7266,0.8444519506840061,0.7567158531971245,7.8102,110.26,1.3312034078807242,0.000788
2017-09-01,1.2583364791745313,1.2482,0.9587,6.5901,0.8396305625524769,0.7733952049497294,7.8259,109.98,1.3931457230426303,0.000757
2017-10-01,1.2764871074802144,1.2472,0.9683,6.6528,0.8464533604198409,0.7463800567248843,7.811,112.51,1.3871549452073797,0.000781
2017-11-01,1.3061650992685476,1.2888,0.9976,6.635,0.858663918942126,0.7528419784687194,7.8011,113.64,1.4604936468526362,0.000785
2017-12-01,1.3217023526301876,1.2897,0.9836,6.6091,0.8400537634408602,0.7393715341959335,7.8099,112.54,1.463700234192037,0.000784
2018-01-01,1.2805736970162631,1.2571,0.9743,6.5067,0.8329862557267805,0.7400281210686006,7.814,112.69,1.4088475626937165,0.000767
2018-02-01,1.2414649286157666,1.2315,0.9313,6.2888,0.8055421298533912,0.7046719751955465,7.8229,109.19,1.357773251866938,0.000743
2018-03-01,1.2883277505797477,1.2831,0.9446,6.331,0.8200754469411186,0.7267441860465117,7.8261,106.68,1.3865779256794233,0.000759
2018-04-01,1.302252897512697,1.29,0.954,6.2753,0.8114248620577735,0.7135212272565109,7.8488,106.28,1.381788033715628,0.000755
2018-05-01,1.3280212483399734,1.2843,0.9909,6.3323,0.8279516476237788,0.7265857734505557,7.8483,109.34,1.4214641080312722,0.00076
2018-06-01,1.321353065539112,1.2958,0.9858,6.4106,0.8552125203112974,0.7519927808693037,7.8431,108.82,1.4283673760891302,0.00077
2018-07-01,1.350438892640108,1.3133,0.9906,6.621,0.8558712769599451,0.7571742257893541,7.8466,110.76,1.4775413711583925,0.000798
2018-08-01,1.3469827586206895,1.3006,0.9903,6.8168,0.8553588230262595,0.7619628162145687,7.8491,111.86,1.4667057788207687,0.000817
2018-09-01,1.3910140492418974,1.304,0.9689,6.8315,0.8619203585588693,0.7716049382716049,7.8491,111.03,1.5101177891875566,0.000832
2018-10-01,1.3842746400885937,1.2908,0.9817,6.8688,0.8617718028266115,0.7674008134448623,7.828,113.7,1.5108022359873092,0.000839
2018-11-01,1.4138272303124555,1.3157,1.0085,6.9757,0.884016973125884,0.7833307222309259,7.8415,112.94,1.5344483658124906,0.000823
2018-12-01,1.368738023542294,1.3292,0.9979,6.9605,0.8836264027569144,0.7843752451172642,7.824,113.57,1.4551804423748544,0.000818
2019-01-01,1.4186409419775856,1.3637,0.9821,6.8785,0.8720676724513822,0.7840677434530343,7.8319,109.69,1.4883167137966955,0.00078
2019-02-01,1.3749484394335214,1.3125,0.9942,6.7,0.8735150244584207,0.7628346937218705,7.8467,108.89,1.4459224985540775,0.000757
2019-03-01,1.40964195094446,1.3172,0.9982,6.6941,0.879430129276229,0.7539772298876574,7.8499,111.39,1.4690759512266784,0.000761
2019-04-01,1.4092446448703495,1.3349,0.9952,6.7121,0.8914244963451596,0.7671653241273494,7.85,110.86,1.4697236919459142,0.000774
2019-05-01,1.4188422247446084,1.3388,1.0193,6.7349,0.8916629514043692,0.7673419275629221,7.8445,111.42,1.49812734082397,0.000779
2019-06-01,1.4413375612568464,1.3516,1.0006,6.905,0.8953353030710001,0.7918283316177054,7.8384,108.29,1.5311590874291838,0.000766
2019-07-01,1.4245014245014247,1.3095,0.9763,6.8668,0.8792754770069463,0.7876496534341525,7.8107,107.85,1.4885382554331648,0.00071
2019-08-01,1.460920379839299,1.3191,0.994,6.8844,0.902853015529072,0.8224360555966773,7.8279,108.78,1.5246226558926663,0.000707
2019-09-01,1.4852220406950838,1.3311,0.9904,7.156,0.9105809506465125,0.8226390259953932,7.842,106.28,1.5802781289506953,0.000658
2019-10-01,1.4814814814814814,1.3241,0.9977,7.1483,0.9175153683824204,0.8137358613394091,7.8389,108.08,1.596678907871627,0.000679
2019-11-01,1.450536698578474,1.3164,0.9864,7.0391,0.896700143472023,0.7726781023025807,7.8373,108.03,1.559332605644784,0.000661
2019-12-01,1.478633742422002,1.3282,1.0002,7.0324,0.907605736068252,0.7736943907156674,7.8288,109.49,1.5571473061351604,0.000708
2020-01-01,1.424298532972511,1.299,0.9666,6.9632,0.8918219923303309,0.75431847325941,7.7914,108.61,1.483679525222552,0.000659
2020-02-01,1.4943215780035863,1.3237,0.9634,6.9426,0.901469395114036,0.7572315614114796,7.7643,108.35,1.547029702970297,0.000629
2020-03-01,1.5349194167306217,1.3407,0.9649,6.992,0.9069472156720478,0.7798487093503861,7.7935,107.89,1.601024655779699,0.000631
2020-04-01,1.631055292774425,1.4062,0.9611,7.0825,0.9065361254645998,0.8051529790660226,7.7511,107.54,1.6789791806581598,0.000634
2020-05-01,1.5356265356265355,1.3945,0.9653,7.0633,0.9128251939753538,0.7940289026520565,7.752,107.18,1.6321201240411294,0.000593
2020-06-01,1.4999250037498126,1.378,0.9616,7.1372,0.9008197459688316,0.8101758081503687,7.7512,107.83,1.6116035455278,0.000578
2020-07-01,1.4486455164421266,1.3576,0.9473,7.064,0.8901548869503294,0.8063865817272801,7.7505,107.93,1.549426712116517,0.000561
2020-08-01,1.3999720005599887,1.3412,0.9129,6.9752,0.8490405841399219,0.7642338555598013,7.7503,105.83,1.508523155830442,0.000506
2020-09-01,1.3557483731019522,1.3047,0.9037,6.8485,0.8378016085790885,0.7479431563201197,7.7502,105.91,1.4852220406950838,0.000508
2020-10-01,1.396258028483664,1.3319,0.9209,6.7908,0.8531695247845748,0.7739938080495355,7.75,105.48,1.5112588786459122,0.00053
2020-11-01,1.4228799089356858,1.3321,0.917,6.6915,0.8585901948999742,0.7723797018614351,7.7522,104.66,1.5117157974300832,0.000532
2020-12-01,1.3616557734204793,1.3001,0.9089,6.5789,0.8384338056510438,0.750581700818134,7.7514,104.31,1.4251104460595696,0.000563
2021-01-01,1.2997140629061608,1.2725,0.8852,6.5272,0.8185985592665357,0.731528895391368,7.7531,103.25,1.3919821826280625,0.000527
2021-02-01,1.3082155939298796,1.2777,0.8903,6.4292,0.8239947264337508,0.7295010213014298,7.7534,104.68,1.390240511608508,0.000541
2021-03-01,1.2976901116013495,1.2738,0.9085,6.4789,0.8281573498964803,0.7177205196296562,7.7566,106.57,1.3825521913452232,0.000576
2021-04-01,1.3161358252171624,1.2562,0.9436,6.5528,0.8525149190110827,0.725531451788435,7.7741,110.72,1.4316392269148177,0.000586
2021-05-01,1.2960082944530846,1.2287,0.9131,6.4749,0.831946755407654,0.7234843003906815,7.7675,109.31,1.396258028483664,0.000565
2021-06-01,1.2929919834497026,1.2064,0.8989,6.3701,0.8178621084485157,0.7036307345904869,7.7611,109.58,1.375515818431912,0.000524
2021-07-01,1.3336889837289942,1.2398,0.925,6.4571,0.8433125316242199,0.7230135203528306,7.7651,111.11,1.4320492624946295,0.000565
2021-08-01,1.3616557734204793,1.2475,0.9059,6.4614,0.8424599831508003,0.7192174913693901,7.7718,109.72,1.4338973329509608,0.000551
2021-09-01,1.366867140513942,1.2616,0.9151,6.4607,0.846811753747142,0.7270083605961469,7.7771,110.02,1.4194464158977995,0.000551
2021-10-01,1.383700013837,1.268,0.9317,6.4448,0.8635578583765113,0.742170105388155,7.7863,111.29,1.4494854326714015,0.000569
2021-11-01,1.330140994945464,1.2388,0.9161,6.4056,0.8652015919709293,0.730887297178775,7.779,113.95,1.3945056477478734,0.000561
2021-12-01,1.4031149151115476,1.2779,0.9189,6.3644,0.8819897689186806,0.7519362358072035,7.7974,113.17,1.465845793022574,0.000563
2022-01-01,1.3768415255404105,1.2637,0.9129,6.3561,0.8795074758135444,0.7389890629618682,7.7966,115.08,1.464986815118664,0.000547
2022-02-01,1.4150275930380642,1.2708,0.9272,6.3612,0.8900756564307967,0.7436602959767978,7.7974,115.11,1.520681265206813,0.000556
2022-03-01,1.3768415255404105,1.2675,0.9168,6.3092,0.8913450396648543,0.7451564828614009,7.8138,115.0,1.4766686355581806,0.000524
2022-04-01,1.3365410318096766,1.2505,0.9225,6.34,0.9035872413481522,0.7611508601004718,7.8326,121.7,1.4394702749388226,0.000516
2022-05-01,1.41622999575131,1.2848,0.9718,6.6085,0.948316737790422,0.7952918721170669,7.8468,129.7,1.548467017652524,0.000527
2022-06-01,1.3933398355858997,1.2647,0.9595,6.6718,0.931619154089808,0.7935248373274083,7.8471,128.67,1.5351550506601168,0.000544
2022-07-01,1.4486455164421266,1.2873,0.9551,6.6993,0.9538344143456696,0.8211528986697323,7.8463,135.72,1.601537475976938,0.000553
2022-08-01,1.4316392269148177,1.2795,0.9524,6.7445,0.9784735812133072,0.8216251745953496,7.85,133.27,1.5928639694170117,0.000566
2022-09-01,1.4615609470914936,1.313,0.9775,6.8904,0.9946290033817384,0.8604371020478404,7.8493,138.96,1.6342539630658603,0.000584
2022-10-01,1.5625,1.3829,0.987,7.116,1.0201999591920017,0.8952551477170994,7.8498,144.74,1.7857142857142856,0.000602
2022-11-01,1.562744178777934,1.3624,1.0013,7.305,1.0119409026512851,0.8719155985700584,7.8497,148.71,1.719986240110079,0.000612
2022-12-01,1.473187978786093,1.3412,0.9457,7.0924,0.9609840476648088,0.829324929507381,7.8098,138.07,1.588057805304113,0.000565
2023-01-01,1.467782181124321,1.3554,0.9245,6.8986,0.9341429238673516,0.8276090374906895,7.8016,131.12,1.574803149606299,0.000548
2023-02-01,1.4174344436569808,1.3306,0.9162,6.7553,0.9205560158335634,0.8116883116883117,7.8405,130.09,1.5527950310559009,0.000519
2023-03-01,1.4861049190072817,1.3647,0.9422,6.9356,0.94553706505295,0.8318083513558476,7.8494,136.17,1.6168148746968471,0.000547
2023-04-01,1.4958863126402393,1.3516,0.9153,6.8736,0.9225943352707814,0.8105698305909054,7.8498,132.86,1.5979546180888462,0.000508
2023-05-01,1.5117157974300832,1.3552,0.8946,6.9126,0.9075233687267448,0.7957348611442667,7.8496,136.3,1.6175994823681656,0.000503
2023-06-01,1.537751806858373,1.3574,0.9107,7.1085,0.9355412105903266,0.8037939072421831,7.8297,139.34,1.6605778811026235,0.000509
2023-07-01,1.5006002400960383,1.3242,0.8956,7.2537,0.9166743056192136,0.7872156183578682,7.8365,144.31,1.6326530612244896,0.000521
2023-08-01,1.4887598630340926,1.319,0.8719,7.1428,0.9093389106119852,0.7791195948578106,7.7984,142.29,1.6105653084232563,0.000509
2023-09-01,1.5422578655151142,1.3508,0.8834,7.2588,0.9222539887485012,0.7890791446382072,7.8418,145.54,1.6758840288252053,0.000515
2023-10-01,1.5540015540015542,1.3577,0.9153,7.298,0.9458053532582996,0.8197393228953193,7.8306,149.37,1.6672224074691564,0.000541
2023-11-01,1.5780337699226763,1.3875,0.9104,7.3164,0.9456264775413712,0.8228420966016621,7.8239,151.68,1.7167381974248928,0.000504
2023-12-01,1.514004542013626,1.3561,0.8752,7.135,0.9184423218221895,0.7921419518377694,7.8104,148.2,1.6246953696181965,0.000491
2024-01-01,1.467997651203758,1.3243,0.8414,7.1,0.9058791557206268,0.7854842510407667,7.8115,141.04,1.582528881152081,0.000485
2024-02-01,1.522533495736906,1.3435,0.8614,7.1689,0.924385283786282,0.7881462799495587,7.8181,146.92,1.6347882949158083,0.00049
2024-03-01,1.5391719255040788,1.3579,0.8845,7.1886,0.9254974548819992,0.7920792079207921,7.829,149.98,1.6428454082470838,0.000489
2024-04-01,1.5335071308081585,1.354,0.9014,7.2224,0.9267840593141798,0.7922047056959518,7.8247,151.35,1.6722408026755853,0.000448
2024-05-01,1.544878727019929,1.3778,0.9194,7.2411,0.9375585974123384,0.8005123278898495,7.8239,157.8,1.6983695652173914,0.000437
2024-06-01,1.5030813166992334,1.3628,0.9023,7.2418,0.9218289085545724,0.7848061528802386,7.8197,157.31,1.6278691193228063,0.00043
2024-07-01,1.4992503748125936,1.3679,0.8988,7.2673,0.9334453467749464,0.7908264136022144,7.8082,160.88,1.6414970453053186,0.00043
2024-08-01,1.5285845307245491,1.3808,0.878,7.2267,0.9237021984112322,0.7778469197261978,7.8125,149.98,1.6803898504453034,0.000409
2024-09-01,1.4781966001478195,1.3492,0.8496,7.0913,0.9051412020275162,0.7617886798202179,7.7977,146.17,1.6002560409665547,0.000399
2024-10-01,1.4465499783017504,1.3525,0.8456,7.0187,0.898069151324652,0.7476635514018692,7.773,143.63,1.5750511891636478,0.00038
2024-11-01,1.5192950470981463,1.3934,0.8641,7.118,0.9187798603454612,0.7752538956508256,7.7734,152.03,1.673080140538732,0.000364
2024-12-01,1.5356265356265355,1.4006,0.881,7.2467,0.9454476694714948,0.7852375343541421,7.782,149.77,1.690331304935767,0.000378
2025-01-01,1.6160310277957337,1.4384,0.9074,7.2993,0.9658103148541626,0.7989773090444231,7.7686,157.2,1.787629603146228,0.000381
2025-02-01,1.608234158893535,1.4541,0.9109,7.2446,0.9650646593321752,0.8067769261799113,7.7924,155.19,1.774937877174299,0.000357
2025-03-01,1.6105653084232563,1.4461,0.9031,7.2784,0.9638554216867468,0.7951021706289257,7.7787,150.63,1.7863522686673814,0.00035
2025-04-01,1.600768368817032,1.4387,0.8843,7.2569,0.9245562130177516,0.7741136398823347,7.7805,149.96,1.7611835153222968,0.00032
2025-05-01,1.5681354869060686,1.3849,0.8169,7.2997,0.8775778850372971,0.7527853056308341,7.7625,142.18,1.6840687100033682,0.000301
